index,rating,srisk_ratio,srisk_value
0,1,0.0,-3624.0
1,1,2.63,7170.9
2,1,,
3,1,1.23,3348.8
4,1,,
5,1,0.0,-972.2
6,1,1.98,5390.4
7,1,3.96,10791.9
8,1,9.08,68637.8
9,1,3.25,8842.2
10,1,,
11,1,0.0,-12088.3
12,1,0.0,-6439.2
13,1,0.85,6452.1
14,1,7.38,20100.0
15,3,0.41,1119.6
16,2,,
17,3,4.61,12537.7
18,2,0.96,17200.7
19,3,,
20,2,,
21,2,0.96,17130.5
22,1,0.0,-15189.6
23,1,0.0,-2574.4
24,3,0.0,-10779.8
25,1,0.69,5223.9
26,2,0.72,5465.7
27,2,0.0,-10945.7
28,1,0.0,-237.3
29,2,,
30,3,0.0,-19335.5
31,4,,
32,1,1.69,4601.9
33,1,0.2,1478.4
34,1,0.0,-20568.3
35,3,,
36,2,,
37,2,,
38,1,,
39,1,0.0,-11130.0
40,2,,
41,4,,
42,2,0.0,-785.0
43,1,0.0,-21104.5
44,1,0.0,-3746.2
45,1,7.35,19998.7
46,1,0.0,-10740.2
47,4,,
48,1,0.17,3025.2
49,2,0.16,2918.1
50,1,,
51,2,,
52,2,0.0,-644.3
53,3,0.27,4753.0
54,1,,
55,4,0.28,2105.2
56,3,,
57,2,0.0,-29870.8
58,1,0.0,-1049.7
59,1,,
60,4,,
61,1,0.0,-3489.8
62,2,0.0,-5760.2
63,1,0.0,-2189.0
64,3,,
65,4,,
66,3,,
67,1,0.0,-4645.3
68,2,0.11,1947.6
69,3,0.05,891.3
70,3,0.0,-7783.4
71,3,0.0,-14149.5
72,4,0.1,1775.4
73,3,,
74,4,,
75,2,0.0,-13095.2
76,3,,
77,2,0.0,-134.7
78,2,0.24,1797.9
79,4,,
80,1,0.01,259.2
81,1,,
82,4,,
83,2,,
84,4,,
85,2,0.0,-7490.9
86,3,0.0,-5801.8
87,1,0.91,2464.8
88,1,,
89,2,,
90,4,0.0,-691.5
91,1,,
92,4,0.0,-3452.1
93,4,,
94,1,0.0,-26629.7
95,1,,
96,2,0.0,-487.7
97,2,0.0,-5196.0
98,1,,
99,1,0.31,2308.4
100,4,0.0,-2212.5
101,3,,
102,4,0.0,-1314.8
103,2,0.0,-681.4
104,4,0.01,228.6
105,2,,
106,4,0.0,-1582.2
107,1,0.0,-3974.4
108,1,0.0,-2268.4
109,4,0.0,-2214.5
110,4,,
111,2,0.0,-7410.0
112,1,0.13,961.7
113,4,0.0,-4511.1
114,1,0.0,-1338.8
115,4,,
116,4,0.0,-4697.2
117,2,,
118,1,0.0,-5084.6
119,4,0.0,-608.0
120,2,0.0,-3054.1
121,1,,
122,2,,
123,3,,
124,2,0.0,-724.7
125,4,,
126,2,,
127,4,0.0,-3891.6
128,4,0.0,-770.5
129,1,0.0,-696.0
130,1,,
131,2,0.0,-165.5
132,4,0.0,-280.6
133,1,0.0,-93.8
134,4,,
135,4,,
136,4,,
137,2,0.0,-3754.5
138,2,,
139,4,,
140,4,,
141,4,0.0,-111.1
142,1,,
143,2,,
144,3,0.0,-628.5
145,1,0.0,-1144.5
146,4,,
147,3,0.0,-97.5
148,1,,
149,4,,
150,4,0.0,-532.3
151,2,0.0,-537.6
152,2,,
153,4,0.0,-2306.7
154,2,,
155,3,,
156,4,,
157,1,,
158,3,0.0,-509.5
159,2,0.0,-882.4
160,1,,
161,2,,
162,2,,
163,3,,
164,1,,
165,2,0.0,-439.5
166,4,0.0,-964.7
167,4,,
168,4,0.0,-2878.7
169,2,0.0,-655.3
170,2,,
171,3,,
172,4,,
173,1,,
174,4,0.0,-331.9
175,3,0.11,823.8
176,2,,
177,3,0.0,-1275.8
178,4,0.0,-1534.8
179,3,,
180,4,,
181,1,,
182,2,0.0,-2257.0
183,1,0.0,-441.0
184,4,,
185,2,0.0,-854.2
186,4,0.0,-587.9
187,1,0.0,-1159.6
188,1,,
189,1,0.0,-839.1
190,1,0.0,-75.9
191,3,0.04,757.1
192,4,,
193,2,0.0,24.0
194,4,,
195,1,0.0,-901.4
196,4,,
197,4,0.0,-688.9
198,4,0.0,-802.9
199,3,,
200,2,0.0,-565.2
201,4,0.06,168.3
202,4,,
203,2,0.0,-624.0
204,1,,
205,3,0.0,-497.4
206,4,0.0,-710.2
207,4,,
208,4,,
209,2,0.0,-155.1
210,3,,
211,4,,
212,4,,
213,3,,
214,2,0.45,1223.8
215,4,,
216,4,,
217,2,,
218,3,,
219,4,,
220,4,0.0,-921.2
221,4,0.0,-237.7
222,4,0.0,-478.7
223,2,0.0,-1026.1
224,2,,
225,3,,
226,4,0.0,-512.7
227,4,,
228,3,0.0,-473.7
229,4,,
230,4,,
231,3,,
232,1,0.0,-145.8
233,3,,
234,3,0.0,-96.6
235,3,,
236,3,,
237,4,,
238,3,0.0,-1504.3
239,4,0.0,-762.4
240,4,0.0,-649.4
241,2,,
242,3,0.0,-823.6
243,4,,
244,2,,
245,2,,
246,4,0.0,-822.4
247,4,0.0,-13.0
248,1,,
249,4,0.0,-168.5
250,1,,
251,1,,
252,4,,
253,4,0.0,-398.3
254,1,,
255,4,0.0,-762.6
256,4,0.0,-156.5
257,4,,
258,1,,
259,4,0.0,-187.2
260,2,,
261,4,0.0,-130.9
262,3,,
263,4,0.0,-311.5
264,4,0.0,-240.1
265,4,0.0,-526.5
266,3,,
267,2,,
268,2,0.0,-2286.2
269,4,,
270,2,0.01,108.2
271,2,,
272,4,,
273,4,,
274,4,,
275,1,,
276,3,,
277,1,,
278,3,0.0,-2642.5
279,2,,
280,4,0.0,-268.9
281,4,,
282,4,,
283,4,0.19,528.2
284,2,,
285,3,,
286,4,,
287,1,,
288,2,,
289,4,,
290,2,0.0,-190.4
291,2,0.0,-197.9
292,3,0.0,-303.8
293,4,0.0,-288.4
294,4,,
295,1,0.0,-1184.9
296,3,0.0,-12.1
297,2,0.0,-596.0
298,4,,
299,4,0.0,-468.7
300,4,0.0,-556.0
301,3,,
302,1,0.0,-618.5
303,4,,
304,4,0.0,-821.3
305,4,0.0,-262.3
306,4,,
307,4,,
308,2,,
309,4,,
310,4,0.0,-18.8
311,4,0.04,115.9
312,4,,
313,4,,
314,2,,
315,4,,
316,4,,
317,3,0.02,148.6
318,1,,
319,3,,
320,4,,
321,2,,
322,4,0.0,-55.0
323,4,,
324,2,,
325,3,0.95,2585.9
326,4,0.0,-430.1
327,4,,
328,4,,
329,4,,
330,2,0.0,-438.7
331,4,0.0,-264.8
332,4,,
333,4,0.0,-277.6
334,4,,
335,4,,
336,4,,
337,3,0.0,-325.5
338,3,,
339,4,0.0,-260.5
340,3,,
341,4,0.0,-128.4
342,4,,
343,4,,
344,4,0.0,-274.2
345,4,,
346,4,0.0,-260.9
347,4,0.0,-504.4
348,4,,
349,3,,
350,4,,
351,2,5.84,104146.6
352,4,,
353,4,5.06,678.2
354,1,0.0,-488.8
355,4,,
356,4,,
357,4,0.0,-132.2
358,2,,
359,3,0.0,-447.6
360,4,,
361,4,,
362,3,,
363,4,,
364,2,,
365,4,0.0,-67.5
366,4,,
367,4,,
368,4,,
369,3,,
370,4,,
371,4,,
372,4,0.0,-93.9
373,4,,
374,4,,
375,4,0.0,-301.5
376,3,,
377,4,,
378,3,,
379,1,,
380,2,,
381,4,0.0,-543.5
382,3,,
383,3,,
384,4,,
385,4,,
386,4,,
387,4,,
388,4,,
389,4,0.0,-110.9
390,4,,
391,4,0.0,-140.0
392,2,,
393,1,,
394,4,,
395,2,,
396,3,0.0,-160.8
397,4,0.0,-168.7
398,3,,
399,4,0.0,-210.0
400,4,,
401,4,,
402,4,,
403,1,,
404,4,0.0,-287.4
405,4,0.0,-212.2
406,3,,
407,4,,
408,4,,
409,2,,
410,4,0.0,-3211.2
411,4,,
412,4,,
413,4,0.0,-209.7
414,3,,
415,4,0.0,-662.4
416,2,,
417,4,0.0,-268.3
418,4,,
419,4,,
420,4,,
421,4,,
422,4,,
423,4,0.0,-150.1
424,4,,
425,4,,
426,3,,
427,3,,
428,4,,
429,4,,
430,2,0.0,-2.3
431,3,0.0,-99.0
432,4,0.0,-85.6
433,2,,
434,4,,
435,1,0.0,-24834.8
436,1,,
437,4,,
438,4,,
439,4,,
440,4,,
441,4,,
442,4,,
443,4,,
444,4,,
445,4,,
446,4,,
447,3,0.0,-200.0
448,4,0.0,-181.4
449,4,,
450,4,,
451,3,,
452,4,,
453,4,,
454,2,,
455,2,,
456,4,,
457,2,,
458,3,,
459,4,,
460,4,0.0,-48.3
461,4,,
462,4,0.0,-85.3
463,4,,
464,3,,
465,3,,
466,2,,
467,4,,
468,2,,
469,4,,
470,3,,
471,4,,
472,3,,
473,4,0.29,793.3
474,4,,
475,4,,
476,4,0.0,-138.6
477,1,,
478,4,,
479,4,,
480,4,,
481,4,,
482,4,0.0,-113.7
483,3,,
484,4,,
485,4,,
486,4,,
487,1,,
488,4,0.0,-57.7
489,4,0.0,-94.2
490,4,,
491,4,,
492,3,,
493,4,,
494,3,,
495,1,,
496,3,,
497,4,,
498,4,,
499,2,,
500,2,,
501,4,,
502,3,,
503,4,,
504,4,,
505,4,0.0,-86.1
506,3,,
507,4,,
508,4,,
509,3,,
510,4,,
511,4,,
512,4,,
513,4,0.0,-63.5
514,4,,
515,2,,
516,4,,
517,4,,
518,4,0.0,-196.7
519,2,,
520,4,,
521,4,,
522,4,,
523,4,,
524,4,,
525,4,,
526,3,,
527,4,,
528,3,,
529,4,,
530,4,0.0,-74.2
531,4,,
532,4,,
533,4,,
534,4,,
535,4,,
536,4,0.0,-45.7
537,4,,
538,4,,
539,4,,
540,4,0.0,-48.9
541,4,0.0,-104.8
542,3,,
543,4,,
544,4,,
545,4,,
546,4,,
547,4,,
548,4,,
549,1,,
550,4,,
551,4,,
552,4,,
553,4,0.0,-73.5
554,1,,
555,4,,
556,4,,
557,3,,
558,4,,
559,3,,
560,4,,
561,4,,
562,3,,
563,2,,
564,2,,
565,4,,
566,4,,
567,3,,
568,3,,
569,4,,
570,4,0.0,-83.6
571,4,0.0,-62.2
572,3,,
573,4,,
574,3,,
575,4,,
576,3,,
577,4,,
578,2,,
579,4,,
580,4,,
581,3,,
582,2,,
583,4,,
584,4,,
585,4,,
586,4,,
587,4,,
588,4,,
589,4,,
590,4,,
591,3,,
592,4,,
593,2,,
594,3,,
595,3,,
596,4,,
597,4,0.0,-115.9
598,4,,
599,4,0.0,-84.2
600,4,,
601,3,0.0,-107.0
602,4,,
603,4,,
604,4,,
605,3,,
606,4,,
607,2,,
608,3,,
609,4,,
610,3,,
611,4,,
612,4,,
613,3,,
614,4,,
615,4,,
616,4,,
617,4,,
618,3,,
619,4,,
620,4,,
621,4,,
622,4,,
623,4,,
624,3,,
625,2,,
626,4,,
627,4,,
628,4,,
629,3,,
630,4,,
631,4,,
632,4,,
633,4,,
634,3,,
635,3,,
636,4,0.0,-85.5
637,4,0.0,-94.3
638,4,,
639,3,0.0,-295.4
640,3,,
641,2,,
642,4,,
643,4,,
644,2,,
645,3,,
646,4,,
647,4,,
648,3,,
649,4,,
650,4,0.0,-531.4
651,3,,
652,4,,
653,2,,
654,4,,
655,3,,
656,4,,
657,4,,
658,4,,
659,4,,
660,2,,
661,1,,
662,4,,
663,4,,
664,2,,
665,2,,
666,3,,
667,4,,
668,4,,
669,4,,
670,2,,
671,2,,
672,3,,
673,4,,
674,3,,
675,1,,
676,4,,
677,4,,
678,3,,
679,4,,
680,1,,
681,2,,
682,4,,
683,3,0.0,-53.8
684,3,,
685,3,,
686,4,0.0,-82.9
687,3,,
688,3,,
689,3,,
690,4,,
691,4,,
692,4,0.0,-19.9
693,4,,
694,4,,
695,3,,
696,4,,
697,4,0.0,6.5
698,4,,
699,2,,
700,3,,
701,3,,
702,4,,
703,2,,
704,4,,
705,4,,
706,4,,
707,4,,
708,4,,
709,4,,
710,4,,
711,4,,
712,4,0.0,-118.4
713,4,,
714,4,,
715,4,,
716,4,,
717,4,,
718,2,,
719,4,,
720,3,,
721,4,,
722,4,,
723,4,,
724,4,,
725,4,,
726,3,,
727,4,,
728,4,,
729,4,,
730,2,,
731,4,,
732,4,,
733,4,0.0,-47.4
734,2,,
735,4,0.0,-101.8
736,4,,
737,4,,
738,4,,
739,4,,
740,3,,
741,4,,
742,3,,
743,3,0.0,-76.5
744,4,,
745,3,,
746,4,,
747,4,,
748,3,0.0,-1969.8
749,4,,
750,4,,
751,4,,
752,3,,
753,3,,
754,4,,
755,2,,
756,2,,
757,4,,
758,4,0.0,-51.9
759,2,,
760,4,,
761,4,,
762,4,,
763,4,,
764,4,0.0,-95.9
765,4,,
766,3,,
767,4,,
768,2,,
769,4,,
770,4,,
771,3,,
772,4,,
773,2,,
774,2,,
775,4,,
776,2,,
777,4,,
778,3,,
779,4,,
780,4,,
781,4,,
782,2,,
783,4,,
784,4,,
785,4,,
786,3,,
787,3,,
788,4,,
789,3,,
790,3,,
791,1,,
792,2,,
793,4,,
794,1,,
795,4,,
796,4,,
797,4,,
798,2,,
799,4,,
800,4,,
801,4,,
802,3,,
803,4,,
804,4,,
805,4,,
806,4,,
807,3,0.0,-1056.4
808,2,,
809,2,,
810,2,,
811,4,,
812,4,,
813,2,,
814,3,,
815,4,,
816,4,,
817,2,,
818,4,,
819,1,,
820,3,,
821,3,,
822,4,,
823,2,,
824,4,,
825,2,,
826,4,,
827,4,,
828,3,,
829,4,,
830,4,,
831,4,,
832,4,,
833,2,,
834,2,,
835,2,,
836,3,,
837,4,,
838,4,,
839,4,,
840,4,,
841,4,,
842,2,,
843,3,,
844,3,,
845,4,,
846,4,,
847,1,,
848,2,,
849,3,,
850,4,,
851,1,,
852,4,,
853,3,,
854,4,,
855,4,,
856,4,,
857,1,,
858,4,,
859,4,,
860,2,,
861,2,,
862,4,0.0,-80.4
863,2,,
864,4,,
865,2,,
866,4,,
867,4,,
868,4,,
869,1,,
870,2,,
871,4,,
872,3,,
873,2,,
874,4,,
875,2,,
876,4,,
877,4,,
878,3,,
879,3,,
880,3,,
881,3,,
882,4,,
883,1,,
884,2,,
885,4,,
886,4,,
887,4,,
888,3,,
889,2,,
890,3,,
891,1,,
892,4,,
893,4,,
894,4,,
895,2,,
896,2,,
897,4,,
898,2,,
899,4,,
900,2,,
901,4,,
902,4,,
903,2,,
904,4,,
905,4,,
906,2,,
907,2,,
908,2,,
909,2,,
910,1,,
911,4,,
912,3,,
913,3,,
914,3,,
915,2,,
916,2,,
917,3,,
918,3,,
919,2,,
920,2,,
921,2,,
922,3,,
923,4,,
924,2,,
925,2,,
926,3,,
927,4,,
928,1,,
929,1,,
930,4,,
931,4,,
932,2,,
933,3,,
934,3,,
935,4,,
936,4,,
937,1,,
938,4,,
939,2,,
940,4,,
941,2,,
942,2,,
943,4,0.0,-197.9
944,2,,
945,1,,
946,3,,
947,3,,
948,2,,
949,2,,
950,2,,
951,3,,
952,2,,
953,3,,
954,4,,
955,4,,
956,2,,
957,3,,
958,1,,
959,4,,
960,2,,
961,4,,
962,2,,
963,3,0.0,-22.0
964,3,,
965,4,,
966,2,0.94,16700.4
967,3,,
968,4,,
969,4,,
970,2,,
971,2,,
972,3,,
973,4,,
974,4,,
975,1,,
976,4,,
977,4,,
978,2,,
979,4,,
980,2,,
981,4,,
982,4,,
983,2,,
984,2,,
985,2,,
986,3,,
987,2,,
988,4,,
989,2,,
990,4,,
991,2,,
992,4,,
993,2,,
994,4,,
995,1,,
996,3,,
997,2,,
998,2,,
999,3,,
1000,1,,
1001,3,,
1002,3,,
1003,1,0.0,-1733.8
1004,1,,
1005,1,,
1006,1,,
1007,4,,
1008,4,,
1009,2,,
1010,3,,
1011,2,,
1012,4,,
1013,1,,
1014,4,,
1015,3,,
1016,3,,
1017,2,,
1018,4,,
1019,4,,
1020,4,,
1021,2,,
1022,4,,
1023,4,,
1024,2,,
1025,2,,
1026,2,,
1027,1,,
1028,4,,
1029,4,,
1030,4,,
1031,4,,
1032,4,,
1033,4,,
1034,1,,
1035,3,,
1036,4,,
1037,2,,
1038,3,,
1039,4,,
1040,1,,
1041,2,,
1042,2,,
1043,4,,
1044,2,,
1045,3,,
1046,2,,
1047,4,,
1048,2,,
1049,2,,
1050,4,,
1051,4,,
1052,3,,
1053,1,,
1054,3,0.0,-321.1
1055,4,,
1056,1,,
1057,4,,
1058,3,,
1059,3,,
1060,2,,
1061,2,,
1062,4,,
1063,1,,
1064,4,,
1065,2,,
1066,4,,
1067,2,,
1068,2,,
1069,2,,
1070,3,,
1071,2,,
1072,4,,
1073,4,,
1074,4,,
1075,4,,
1076,4,,
1077,2,,
1078,4,,
1079,1,,
1080,3,,
1081,4,,
1082,2,,
1083,1,,
1084,2,,
1085,4,,
1086,4,,
1087,1,,
1088,2,,
1089,3,,
1090,2,,
1091,4,,
1092,2,,
1093,2,,
1094,2,,
1095,3,,
1096,3,,
1097,2,,
1098,4,,
1099,4,,
1100,3,,
1101,3,,
1102,4,,
1103,3,,
1104,2,,
1105,4,,
1106,2,,
1107,2,,
1108,3,,
1109,4,,
1110,3,,
1111,3,,
1112,3,,
1113,4,,
1114,3,,
1115,4,,
1116,4,,
1117,4,,
1118,1,,
1119,4,,
1120,4,,
1121,2,,
1122,2,,
1123,2,,
1124,3,,
1125,2,,
1126,4,,
1127,2,,
1128,4,,
1129,4,,
1130,4,,
1131,4,,
1132,3,,
1133,2,,
1134,3,,
1135,4,,
1136,2,,
1137,2,,
1138,2,,
1139,2,,
1140,1,,
1141,3,,
1142,1,,
1143,2,,
1144,1,,
1145,2,,
1146,2,,
1147,4,,
1148,4,,
1149,2,,
1150,2,,
1151,3,,
1152,4,,
1153,3,,
1154,1,,
1155,3,,
1156,3,,
1157,2,,
1158,4,,
1159,4,,
1160,3,,
1161,2,,
1162,4,,
1163,1,,
1164,1,,
1165,4,,
1166,3,,
1167,2,,
1168,4,,
1169,2,,
1170,2,,
1171,2,,
1172,1,,
1173,1,,
1174,2,,
1175,1,,
1176,4,,
1177,2,,
1178,4,,
1179,3,,
1180,2,,
1181,1,,
1182,4,,
1183,3,,
1184,2,,
1185,4,,
1186,1,,
1187,4,,
1188,4,,
1189,2,,
1190,1,,
1191,3,,
1192,4,,
1193,4,,
1194,4,,
1195,4,,
1196,4,,
1197,1,,
1198,4,,
1199,3,,
1200,2,,
1201,2,,
1202,3,,
1203,4,,
1204,4,,
1205,4,,
1206,2,,
1207,3,,
1208,1,,
1209,1,,
1210,2,,
1211,3,,
1212,4,,
1213,3,,
1214,2,,
1215,2,,
1216,3,,
1217,4,,
1218,4,,
1219,2,,
1220,2,,
1221,2,,
1222,1,,
1223,3,,
1224,3,,
1225,2,,
1226,2,,
1227,2,,
1228,4,,
1229,3,,
1230,3,,
1231,3,,
1232,2,,
1233,4,,
1234,2,,
1235,2,,
1236,3,,
1237,4,,
1238,2,,
1239,3,,
1240,4,,
1241,4,,
1242,4,,
1243,4,,
1244,4,,
1245,4,,
1246,4,,
1247,3,0.0,-428.8
1248,2,,
1249,1,,
1250,4,,
1251,3,,
1252,4,,
1253,2,,
1254,4,,
1255,2,,
1256,2,,
1257,1,,
1258,4,,
1259,4,,
1260,2,,
1261,2,,
1262,2,,
1263,2,,
1264,3,,
1265,4,,
1266,3,,
1267,3,0.0,-7.5
1268,2,,
1269,2,1.66,29551.6
1270,4,,
1271,1,,
1272,2,,
1273,1,,
1274,1,,
1275,2,,
1276,2,,
1277,2,,
1278,4,,
1279,4,0.0,-67.7
1280,3,,
1281,3,,
1282,2,,
1283,2,,
1284,2,,
1285,3,,
1286,4,,
1287,4,,
1288,3,,
1289,1,,
1290,3,,
1291,4,,
1292,2,,
1293,3,,
1294,1,,
1295,1,,
1296,4,,
1297,4,,
1298,4,,
1299,2,,
1300,2,,
1301,2,,
1302,4,,
1303,2,,
1304,1,,
1305,4,,
1306,2,,
1307,2,,
1308,4,,
1309,4,,
1310,4,,
1311,4,,
1312,4,,
1313,4,,
1314,3,,
1315,3,0.51,9122.3
1316,2,,
1317,2,,
1318,1,,
1319,3,,
1320,2,,
1321,4,,
1322,4,,
1323,2,,
1324,1,,
1325,3,,
1326,3,,
1327,2,,
1328,2,,
1329,1,,
1330,4,,
1331,2,,
1332,2,,
1333,2,,
1334,1,,
1335,1,,
1336,3,,
1337,1,,
1338,4,,
1339,4,,
1340,4,,
1341,2,,
1342,3,,
1343,4,,
1344,4,,
1345,4,,
1346,1,,
1347,2,,
1348,2,,
1349,2,,
1350,4,,
1351,2,,
1352,2,,
1353,1,,
1354,1,,
1355,2,,
1356,4,,
1357,2,0.0,-127.2
1358,4,,
1359,2,,
1360,3,,
1361,4,,
1362,4,,
1363,2,0.0,-279.2
1364,4,,
1365,3,,
1366,4,,
1367,1,,
1368,3,,
1369,4,,
1370,2,,
1371,2,,
1372,2,,
1373,1,,
1374,3,,
1375,2,,
1376,4,,
1377,2,,
1378,2,,
1379,2,,
1380,4,,
1381,3,,
1382,2,,
1383,3,,
1384,3,,
1385,2,,
1386,2,,
1387,3,,
1388,1,,
1389,4,,
1390,2,,
1391,3,,
1392,2,,
1393,2,,
1394,4,,
1395,2,,
1396,2,,
1397,2,,
1398,4,,
1399,3,,
1400,2,,
1401,3,,
1402,3,,
1403,3,,
1404,2,,
1405,2,,
1406,2,,
1407,3,,
1408,3,,
1409,4,,
1410,2,,
1411,1,,
1412,4,,
1413,4,,
1414,2,,
1415,1,,
1416,1,,
1417,2,,
1418,4,,
1419,1,,
1420,2,,
1421,1,,
1422,1,,
1423,1,,
1424,4,,
1425,4,,
1426,1,,
1427,2,,
1428,4,,
1429,2,,
1430,2,,
1431,4,,
1432,2,,
1433,4,,
1434,3,,
1435,2,,
1436,2,,
1437,2,,
1438,3,,
1439,1,,
1440,4,,
1441,2,,
1442,1,,
1443,4,,
1444,1,,
1445,3,,
1446,4,,
1447,2,,
1448,1,,
1449,2,,
1450,2,,
1451,4,,
1452,2,,
1453,2,,
1454,4,,
1455,3,,
1456,3,,
1457,1,,
1458,4,,
1459,2,,
1460,2,,
1461,4,,
1462,2,0.0,-35.5
1463,3,,
1464,1,,
1465,4,,
1466,2,,
1467,4,,
1468,3,,
1469,2,,
1470,3,,
1471,4,,
1472,2,,
1473,3,,
1474,2,,
1475,2,,
1476,4,,
1477,2,,
1478,4,,
1479,2,,
1480,2,,
1481,3,,
1482,4,,
1483,2,,
1484,4,,
1485,3,,
1486,2,,
1487,2,,
1488,4,,
1489,3,,
1490,2,,
1491,1,,
1492,3,,
1493,2,,
1494,4,,
1495,4,,
1496,4,,
1497,4,,
1498,2,,
1499,2,,
1500,2,,
1501,3,,
1502,4,,
1503,2,,
1504,2,,
1505,4,,
1506,2,,
1507,2,,
1508,2,,
1509,4,,
1510,2,,
1511,1,,
1512,4,,
1513,1,,
1514,4,,
1515,2,,
1516,4,,
1517,2,0.0,-426.8
1518,3,,
1519,1,,
1520,4,,
1521,3,,
1522,2,,
1523,2,,
1524,3,,
1525,2,,
1526,4,,
1527,2,,
1528,3,,
1529,3,,
1530,2,,
1531,2,,
1532,4,,
1533,2,,
1534,1,,
1535,1,,
1536,3,,
1537,2,,
1538,1,,
1539,4,,
1540,1,,
1541,2,,
1542,2,0.0,-117.7
1543,2,,
1544,4,,
1545,3,,
1546,3,,
1547,4,,
1548,2,,
1549,4,,
1550,3,,
1551,2,,
1552,3,,
1553,3,,
1554,2,,
1555,2,,
1556,3,,
1557,3,,
1558,2,,
1559,3,,
1560,2,,
1561,4,,
1562,2,,
1563,2,,
1564,4,,
1565,2,,
1566,4,,
1567,2,,
1568,3,,
1569,3,,
1570,3,,
1571,2,,
1572,4,,
1573,1,,
1574,2,,
1575,2,,
1576,2,,
1577,3,,
1578,3,,
1579,3,,
1580,2,,
1581,4,,
1582,3,,
1583,4,,
1584,4,,
1585,3,,
1586,1,,
1587,2,,
1588,4,,
1589,4,,
1590,2,,
1591,4,,
1592,4,,
1593,1,,
1594,2,,
1595,2,,
1596,3,,
1597,2,,
1598,2,,
1599,2,,
1600,1,,
1601,2,,
1602,4,,
1603,2,,
1604,4,,
1605,4,,
1606,4,,
1607,2,,
1608,2,,
1609,2,,
1610,3,,
1611,1,,
1612,2,,
1613,1,,
1614,4,,
1615,2,,
1616,4,,
1617,2,,
1618,2,,
1619,2,,
1620,2,,
1621,3,,
1622,4,,
1623,3,,
1624,2,,
1625,1,,
1626,1,,
1627,4,,
1628,4,,
1629,4,,
1630,2,,
1631,2,,
1632,2,,
1633,4,,
1634,3,,
1635,4,,
1636,2,,
1637,3,,
1638,2,,
1639,1,,
1640,2,,
1641,3,,
1642,2,,
1643,2,,
1644,2,,
1645,2,,
1646,2,,
1647,4,,
1648,1,,
1649,3,,
1650,1,,
1651,2,,
1652,3,,
1653,2,,
1654,2,,
1655,3,,
1656,1,,
1657,1,,
1658,2,,
1659,3,,
1660,3,,
1661,3,,
1662,2,,
1663,2,,
1664,1,,
1665,3,,
1666,2,,
1667,1,,
1668,4,,
1669,2,,
1670,3,,
1671,4,,
1672,3,,
1673,2,,
1674,2,,
1675,2,,
1676,1,,
1677,3,,
1678,3,,
1679,3,,
1680,4,,
1681,4,,
1682,3,,
1683,3,,
1684,2,,
1685,2,,
1686,2,,
1687,3,,
1688,2,,
1689,3,,
1690,2,,
1691,2,,
1692,3,,
1693,1,,
1694,3,,
1695,2,,
1696,2,,
1697,2,,
1698,2,,
1699,4,,
1700,1,,
1701,2,,
1702,2,,
1703,2,,
1704,2,,
1705,4,,
1706,4,,
1707,3,,
1708,4,,
1709,2,,
1710,2,,
1711,3,,
1712,4,,
1713,1,,
1714,1,,
1715,3,,
1716,1,,
1717,1,,
1718,2,,
1719,1,,
1720,2,,
1721,4,,
1722,2,,
1723,1,,
1724,2,,
1725,2,,
1726,3,,
1727,2,,
1728,2,,
1729,2,,
1730,1,,
1731,2,,
1732,2,,
1733,4,,
1734,3,,
1735,4,,
1736,2,,
1737,3,,
1738,4,,
1739,3,,
1740,1,,
1741,1,,
1742,2,,
1743,3,,
1744,4,,
1745,2,,
1746,3,,
1747,1,,
1748,2,,
1749,2,,
1750,1,,
1751,2,,
1752,3,,
1753,2,,
1754,2,,
1755,2,,
1756,2,,
1757,1,,
1758,2,,
1759,1,,
1760,3,,
1761,1,,
1762,1,,
1763,3,,
1764,2,,
1765,3,,
1766,1,,
1767,3,,
1768,1,,
1769,3,,
1770,2,,
1771,2,,
1772,3,,
1773,3,,
1774,3,,
1775,4,,
1776,2,,
1777,4,,
1778,2,,
1779,4,,
1780,1,,
1781,2,,
1782,2,,
1783,1,,
1784,2,,
1785,2,,
1786,1,,
1787,2,,
1788,1,,
1789,4,,
1790,3,,
1791,2,,
1792,1,,
1793,2,,
1794,4,,
1795,2,,
1796,3,,
1797,2,,
1798,1,,
1799,3,,
1800,2,,
1801,3,,
1802,3,,
1803,1,,
1804,4,,
1805,2,,
1806,4,,
1807,4,,
1808,2,,
1809,3,,
1810,4,,
1811,3,,
1812,4,,
1813,2,,
1814,4,,
1815,2,,
1816,4,,
1817,3,,
1818,2,,
1819,2,,
1820,4,,
1821,1,,
1822,2,,
1823,3,,
1824,4,,
1825,3,,
1826,2,,
1827,3,,
1828,2,,
1829,4,,
1830,2,,
1831,2,,
1832,1,0.0,-1463.7
1833,1,,
1834,2,,
1835,1,,
1836,3,0.0,-81.0
1837,4,,
1838,2,,
1839,2,,
1840,1,,
1841,4,,
1842,4,,
1843,3,,
1844,1,,
1845,2,,
1846,4,,
1847,4,,
1848,3,,
1849,3,,
1850,3,,
1851,3,,
1852,4,,
1853,3,,
1854,3,,
1855,2,,
1856,1,,
1857,2,,
1858,2,,
1859,1,,
1860,3,,
1861,2,,
1862,4,,
1863,2,,
1864,4,,
1865,1,,
1866,3,,
1867,4,,
1868,3,,
1869,4,,
1870,4,,
1871,2,,
1872,3,,
1873,4,,
1874,1,,
1875,2,,
1876,4,,
1877,3,,
1878,2,,
1879,4,,
1880,2,,
1881,1,,
1882,4,,
1883,2,,
1884,2,,
1885,2,,
1886,2,,
1887,1,,
1888,2,,
1889,3,,
1890,4,,
1891,1,,
1892,1,,
1893,3,,
1894,1,,
1895,1,,
1896,2,,
1897,3,,
1898,4,,
1899,2,,
1900,3,,
1901,1,,
1902,4,,
1903,4,,
1904,1,,
1905,4,,
1906,1,,
1907,1,,
1908,1,,
1909,4,,
1910,2,,
1911,2,,
1912,4,,
1913,3,,
1914,4,,
1915,2,,
1916,1,,
1917,3,,
1918,1,,
1919,2,,
1920,2,,
1921,3,,
1922,3,,
1923,3,,
1924,4,,
1925,4,,
1926,1,,
1927,4,,
1928,3,,
1929,2,,
1930,2,,
1931,2,,
1932,4,,
1933,2,,
1934,1,,
1935,1,,
1936,2,,
1937,4,,
1938,3,,
1939,2,,
1940,3,,
1941,4,,
1942,1,,
1943,3,,
1944,4,,
1945,1,,
1946,2,,
1947,1,,
1948,3,,
1949,3,,
1950,2,,
1951,1,,
1952,4,,
1953,1,,
1954,1,,
1955,1,,
1956,2,,
1957,1,,
1958,4,,
1959,4,,
1960,3,,
1961,2,,
1962,4,,
1963,3,,
1964,1,,
1965,1,,
1966,1,,
1967,3,,
1968,2,,
1969,4,,
1970,1,,
1971,4,,
1972,3,,
1973,3,,
1974,3,,
1975,2,2.75,7489.8
1976,2,,
1977,1,,
1978,3,,
1979,3,,
1980,2,,
1981,3,,
1982,1,,
1983,1,,
1984,4,,
1985,3,,
1986,2,,
1987,2,,
1988,1,,
1989,2,,
1990,1,,
1991,3,,
1992,3,,
1993,4,,
1994,4,,
1995,4,,
1996,4,,
1997,4,,
1998,3,,
1999,4,,
2000,3,,
2001,3,,
2002,1,,
2003,3,,
2004,3,,
2005,2,,
2006,4,,
2007,4,,
2008,3,,
2009,3,,
2010,2,,
2011,1,,
2012,4,,
2013,2,,
2014,1,,
2015,2,,
2016,1,,
2017,3,,
2018,4,,
2019,2,,
2020,4,,
2021,3,,
2022,4,,
2023,2,,
2024,4,,
2025,4,,
2026,3,,
2027,4,,
2028,2,,
2029,4,,
2030,3,,
2031,4,,
2032,4,,
2033,3,,
2034,4,,
2035,1,,
2036,4,,
2037,2,,
2038,2,,
2039,2,,
2040,4,,
2041,2,,
2042,3,,
2043,4,,
2044,3,,
2045,4,,
2046,3,,
2047,3,,
2048,3,,
2049,2,,
2050,1,,
2051,2,,
2052,3,,
2053,1,,
2054,2,,
2055,1,,
2056,4,,
2057,4,,
2058,3,,
2059,3,,
2060,3,,
2061,2,,
2062,1,,
2063,4,,
2064,1,,
2065,4,,
2066,2,,
2067,4,,
2068,1,,
2069,4,,
2070,3,,
2071,3,,
2072,3,,
2073,4,,
2074,2,,
2075,1,,
2076,3,,
2077,4,,
2078,3,,
2079,3,,
2080,2,,
2081,4,,
2082,3,,
2083,4,,
2084,4,,
2085,2,,
2086,2,,
2087,3,,
2088,4,,
2089,2,,
2090,2,,
2091,4,,
2092,1,,
2093,2,,
2094,3,,
2095,2,,
2096,4,,
2097,1,,
2098,4,,
2099,4,,
2100,3,,
2101,2,,
2102,3,,
2103,3,,
2104,2,,
2105,2,,
2106,1,,
2107,2,,
2108,2,,
2109,2,,
2110,4,,
2111,3,,
2112,2,,
2113,1,,
2114,1,,
2115,4,,
2116,3,,
2117,4,,
2118,2,,
2119,3,,
2120,2,,
2121,2,,
2122,1,,
2123,3,,
2124,3,,
2125,4,,
2126,2,,
2127,2,,
2128,1,,
2129,2,,
2130,4,,
2131,3,,
2132,2,,
2133,3,,
2134,3,,
2135,3,,
2136,1,,
2137,2,,
2138,1,,
2139,4,,
2140,4,,
2141,3,,
2142,3,,
2143,2,,
2144,2,,
2145,4,,
2146,1,,
2147,3,,
2148,2,,
2149,4,,
2150,2,,
2151,2,,
2152,2,,
2153,3,,
2154,3,,
2155,2,,
2156,2,,
2157,3,,
2158,1,,
2159,1,,
2160,3,,
2161,2,,
2162,1,,
2163,1,0.0,-118.3
2164,2,,
2165,3,,
2166,2,,
2167,2,,
2168,2,,
2169,3,,
2170,1,,
2171,3,,
2172,2,,
2173,3,,
2174,4,,
2175,2,,
2176,2,,
2177,3,,
2178,2,,
2179,4,,
2180,1,,
2181,4,,
2182,2,,
2183,3,,
2184,1,,
2185,2,,
2186,3,,
2187,2,,
2188,2,,
2189,3,,
2190,2,,
2191,3,,
2192,1,,
2193,2,,
2194,3,,
2195,4,,
2196,4,,
2197,4,,
2198,2,,
2199,4,,
2200,4,,
2201,1,,
2202,1,,
2203,3,,
2204,2,,
2205,2,,
2206,3,,
2207,4,,
2208,1,,
2209,3,,
2210,4,,
2211,2,,
2212,3,,
2213,2,,
2214,4,,
2215,2,,
2216,2,,
2217,2,0.0,-623.9
2218,2,,
2219,2,,
2220,3,,
2221,2,,
2222,1,,
2223,2,,
2224,3,,
2225,3,,
2226,3,,
2227,3,,
2228,2,,
2229,2,,
2230,2,,
2231,2,,
2232,4,,
2233,4,,
2234,1,,
2235,2,,
2236,1,,
2237,3,,
2238,2,,
2239,2,,
2240,1,,
2241,3,,
2242,2,,
2243,3,,
2244,2,,
2245,2,,
2246,3,,
2247,3,,
2248,3,,
2249,3,,
2250,4,,
2251,1,,
2252,4,,
2253,1,,
2254,3,,
2255,1,,
2256,1,,
2257,2,,
2258,2,,
2259,3,,
2260,1,,
2261,4,,
2262,3,,
2263,2,,
2264,3,,
2265,2,,
2266,4,,
2267,2,,
2268,2,,
2269,4,,
2270,2,,
2271,3,,
2272,1,,
2273,3,,
2274,3,,
2275,2,,
2276,4,,
2277,3,,
2278,2,,
2279,2,,
2280,2,,
2281,3,,
2282,1,,
2283,2,,
2284,3,,
2285,4,,
2286,3,,
2287,2,,
2288,2,,
2289,4,,
2290,4,,
2291,3,,
2292,3,,
2293,1,,
2294,1,,
2295,4,,
2296,3,,
2297,4,,
2298,4,,
2299,1,,
2300,4,,
2301,4,,
2302,3,,
2303,4,,
2304,2,,
2305,3,,
2306,2,,
2307,4,,
2308,3,,
2309,2,,
2310,3,,
2311,2,,
2312,1,,
2313,2,,
2314,3,,
2315,3,,
2316,1,,
2317,4,,
2318,3,,
2319,4,,
2320,3,,
2321,4,,
2322,4,,
2323,3,,
2324,1,,
2325,2,,
2326,1,,
2327,2,,
2328,3,,
2329,2,,
2330,2,,
2331,3,,
2332,4,,
2333,2,,
2334,2,,
2335,3,,
2336,2,,
2337,3,,
2338,4,,
2339,3,,
2340,1,,
2341,2,,
2342,3,,
2343,3,,
2344,3,,
2345,3,,
2346,2,,
2347,4,,
2348,2,,
2349,3,,
2350,2,,
2351,4,,
2352,4,,
2353,1,,
2354,3,,
2355,3,,
2356,2,,
2357,3,,
2358,2,,
2359,3,,
2360,1,,
2361,4,,
2362,3,,
2363,3,,
2364,4,,
2365,4,,
2366,2,,
2367,1,,
2368,4,,
2369,3,0.0,-1985.8
2370,2,,
2371,3,,
2372,1,,
2373,4,,
2374,3,,
2375,2,,
2376,4,,
2377,3,,
2378,4,,
2379,1,,
2380,4,,
2381,2,,
2382,4,,
2383,2,,
2384,2,,
2385,4,,
2386,3,,
2387,4,,
2388,3,,
2389,4,,
2390,4,,
2391,2,,
2392,2,,
2393,4,,
2394,1,,
2395,1,,
2396,2,,
2397,2,,
2398,1,,
2399,2,,
2400,4,,
2401,3,,
2402,4,,
2403,1,,
2404,4,,
2405,3,,
2406,3,,
2407,2,,
2408,1,,
2409,3,,
2410,3,,
2411,4,,
2412,4,,
2413,4,,
2414,1,,
2415,2,,
2416,1,,
2417,2,,
2418,2,,
2419,1,,
2420,2,,
2421,2,,
2422,1,,
2423,4,,
2424,2,,
2425,4,,
2426,1,,
2427,2,,
2428,4,,
2429,1,,
2430,3,,
2431,3,,
2432,1,,
2433,2,,
2434,2,,
2435,3,,
2436,3,,
2437,4,,
2438,2,,
2439,2,,
2440,3,,
2441,1,,
2442,4,,
2443,2,,
2444,1,,
2445,2,,
2446,3,,
2447,1,,
2448,2,,
2449,3,,
2450,1,,
2451,4,,
2452,3,,
2453,1,,
2454,3,,
2455,1,,
2456,4,,
2457,2,,
2458,1,,
2459,2,,
2460,2,,
2461,3,,
2462,4,,
2463,2,,
2464,1,,
2465,2,,
2466,3,,
2467,2,,
2468,2,,
2469,2,,
2470,4,,
2471,2,,
2472,3,,
2473,2,,
2474,3,,
2475,3,,
2476,4,,
2477,2,,
2478,2,,
2479,2,,
2480,4,,
2481,2,,
2482,2,,
2483,1,,
2484,4,,
2485,2,,
2486,4,,
2487,3,,
2488,3,,
2489,3,,
2490,1,,
2491,4,,
2492,1,,
2493,1,,
2494,1,,
2495,1,,
2496,2,,
2497,4,,
2498,1,,
2499,3,,
2500,3,,
2501,2,,
2502,4,,
2503,2,,
2504,3,,
2505,1,,
2506,2,,
2507,2,,
2508,4,,
2509,1,,
2510,1,,
2511,3,,
2512,2,,
2513,2,,
2514,2,,
2515,2,,
2516,3,,
2517,4,,
2518,1,,
2519,3,,
2520,4,,
2521,2,,
2522,2,,
2523,2,,
2524,3,,
2525,3,,
2526,3,,
2527,4,,
2528,3,,
2529,4,,
2530,1,,
2531,1,,
2532,2,,
2533,3,,
2534,1,,
2535,3,,
2536,1,,
2537,2,,
2538,4,,
2539,4,,
2540,3,,
2541,3,,
2542,3,,
2543,3,,
2544,4,,
2545,2,,
2546,4,,
2547,1,,
2548,1,,
2549,3,,
2550,3,,
2551,4,,
2552,2,,
2553,4,0.0,-987.6
2554,3,,
2555,3,,
2556,1,,
2557,3,,
2558,3,,
2559,2,,
2560,3,,
2561,3,,
2562,2,,
2563,1,,
2564,3,,
2565,1,,
2566,3,,
2567,2,,
2568,3,,
2569,2,,
2570,1,,
2571,2,,
2572,3,,
2573,2,,
2574,2,,
2575,3,,
2576,2,,
2577,3,,
2578,2,,
2579,1,,
2580,2,,
2581,3,,
2582,4,,
2583,2,,
2584,3,,
2585,3,,
2586,2,,
2587,4,,
2588,1,,
2589,3,,
2590,2,,
2591,1,,
2592,3,,
2593,3,,
2594,2,,
2595,4,,
2596,2,,
2597,1,,
2598,2,,
2599,4,,
2600,2,,
2601,4,,
2602,3,,
2603,2,,
2604,1,,
2605,2,,
2606,2,,
2607,2,,
2608,2,,
2609,2,,
2610,2,,
2611,1,,
2612,2,,
2613,1,,
2614,4,,
2615,1,,
2616,1,,
2617,2,,
2618,1,,
2619,2,,
2620,2,,
2621,2,,
2622,2,,
2623,2,,
2624,3,,
2625,1,,
2626,3,,
2627,2,,
2628,2,,
2629,2,,
2630,2,,
2631,3,,
2632,1,,
2633,3,,
2634,3,,
2635,3,,
2636,3,,
2637,3,,
2638,3,,
2639,2,,
2640,3,,
2641,2,,
2642,3,,
2643,2,,
2644,2,,
2645,2,,
2646,3,,
2647,2,,
2648,3,,
2649,3,,
2650,1,,
2651,2,0.0,-291.1
2652,3,,
2653,3,,
2654,2,,
2655,3,,
2656,2,,
2657,1,,
2658,3,,
2659,2,,
2660,2,,
2661,4,,
2662,1,,
2663,4,,
2664,1,,
2665,3,,
2666,3,,
2667,3,,
2668,3,,
2669,3,,
2670,1,,
2671,2,,
2672,3,,
2673,3,,
2674,4,,
2675,3,,
2676,2,,
2677,3,,
2678,2,,
2679,1,,
2680,3,,
2681,3,,
2682,2,,
2683,4,,
2684,2,,
2685,3,,
2686,2,,
2687,4,,
2688,1,,
2689,3,,
2690,3,,
2691,2,,
2692,1,,
2693,2,,
2694,2,,
2695,1,,
2696,1,,
2697,3,,
2698,2,,
2699,2,,
2700,2,,
2701,3,,
2702,2,,
2703,1,,
2704,3,,
2705,1,,
2706,2,,
2707,2,,
2708,2,,
2709,3,,
2710,1,,
2711,3,,
2712,4,,
2713,1,,
2714,3,,
2715,3,,
2716,3,,
2717,3,,
2718,2,,
2719,3,,
2720,1,,
2721,2,,
2722,4,,
2723,1,,
2724,3,,
2725,3,,
2726,3,,
2727,2,,
2728,2,,
2729,1,,
2730,2,,
2731,1,,
2732,2,,
2733,1,,
2734,4,,
2735,1,,
2736,1,,
2737,3,,
2738,4,,
2739,4,,
2740,3,,
2741,3,,
2742,3,,
2743,2,0.0,-1733.9
2744,3,,
2745,3,,
2746,3,,
2747,3,,
2748,2,,
2749,3,,
2750,2,,
2751,4,,
2752,3,,
2753,4,,
2754,3,,
2755,2,,
2756,1,,
2757,1,,
2758,3,,
2759,3,,
2760,3,,
2761,3,,
2762,3,,
2763,2,,
2764,2,,
2765,3,,
2766,2,,
2767,2,,
2768,3,,
2769,4,,
2770,1,,
2771,1,,
2772,3,,
2773,3,,
2774,3,,
2775,2,,
2776,1,,
2777,3,,
2778,3,,
2779,2,,
2780,4,,
2781,2,,
2782,3,,
2783,1,,
2784,2,,
2785,3,,
2786,3,,
2787,2,,
2788,3,,
2789,3,,
2790,4,,
2791,2,,
2792,4,,
2793,3,,
2794,4,,
2795,4,,
2796,3,,
2797,2,,
2798,3,,
2799,3,,
2800,3,,
2801,3,,
2802,3,,
2803,4,,
2804,2,,
2805,3,,
2806,3,,
2807,1,,
2808,2,,
2809,3,,
2810,1,,
2811,3,,
2812,3,,
2813,3,,
2814,3,0.0,-425.5
2815,2,,
2816,3,,
2817,3,,
2818,4,,
2819,3,,
2820,3,,
2821,3,,
2822,2,,
2823,3,,
2824,1,,
2825,1,,
2826,2,,
2827,1,,
2828,3,,
2829,3,,
2830,2,,
2831,3,,
2832,1,,
2833,3,,
2834,1,,
2835,3,,
2836,3,,
2837,4,,
2838,3,,
2839,3,,
2840,1,,
2841,4,,
2842,2,,
2843,3,,
2844,1,,
2845,2,,
2846,3,,
2847,2,,
2848,4,,
2849,1,,
2850,1,,
2851,2,,
2852,3,,
2853,2,,
2854,2,,
2855,2,,
2856,2,,
2857,2,,
2858,3,,
2859,2,,
2860,2,,
2861,1,,
2862,2,,
2863,1,,
2864,3,,
2865,4,,
2866,4,,
2867,3,,
2868,3,,
2869,2,,
2870,2,,
2871,2,,
2872,1,,
2873,3,,
2874,1,,
2875,1,,
2876,3,,
2877,1,,
2878,3,,
2879,3,,
2880,3,,
2881,1,,
2882,3,,
2883,3,,
2884,4,0.0,-5987.6
2885,4,,
2886,2,,
2887,3,,
2888,4,,
2889,3,,
2890,3,,
2891,1,,
2892,1,,
2893,2,,
2894,1,,
2895,2,,
2896,1,,
2897,3,,
2898,2,,
2899,3,,
2900,2,,
2901,1,,
2902,3,,
2903,1,,
2904,2,,
2905,2,,
2906,3,,
2907,2,,
2908,1,,
2909,3,,
2910,3,,
2911,3,,
2912,1,,
2913,3,,
2914,4,,
2915,4,,
2916,1,,
2917,2,,
2918,2,,
2919,1,,
2920,1,,
2921,1,,
2922,3,,
2923,3,,
2924,2,,
2925,3,,
2926,3,,
2927,1,,
2928,3,,
2929,2,,
2930,3,,
2931,2,,
2932,3,,
2933,3,,
2934,3,,
2935,1,,
2936,1,,
2937,2,,
2938,2,,
2939,3,,
2940,3,,
2941,3,,
2942,1,,
2943,2,,
2944,3,,
2945,2,,
2946,3,,
2947,3,,
2948,3,,
2949,2,,
2950,1,,
2951,1,,
2952,4,,
2953,2,,
2954,1,,
2955,3,,
2956,3,,
2957,3,,
2958,2,,
2959,3,,
2960,3,,
2961,2,,
2962,1,,
2963,3,,
2964,3,,
2965,3,,
2966,2,,
2967,3,,
2968,1,,
2969,3,,
2970,3,,
2971,2,,
2972,2,,
2973,3,,
2974,2,,
2975,4,,
2976,2,,
2977,2,,
2978,3,,
2979,3,,
2980,3,,
2981,3,,
2982,1,,
2983,3,,
2984,2,,
2985,3,,
2986,3,,
2987,2,,
2988,4,,
2989,2,,
2990,3,,
2991,2,,
2992,3,,
2993,2,,
2994,3,,
2995,1,,
2996,1,,
2997,3,,
2998,4,,
2999,1,,
3000,1,,
3001,2,,
3002,3,,
3003,3,,
3004,4,,
3005,3,,
3006,1,,
3007,2,,
3008,1,,
3009,4,,
3010,2,,
3011,2,,
3012,3,,
3013,2,,
3014,3,,
3015,2,,
3016,2,,
3017,2,,
3018,3,,
3019,1,,
3020,3,,
3021,3,,
3022,3,,
3023,2,,
3024,2,,
3025,2,,
3026,2,,
3027,3,,
3028,2,,
3029,3,0.0,-66.3
3030,1,,
3031,1,,
3032,2,,
3033,3,,
3034,1,,
3035,1,,
3036,4,,
3037,3,,
3038,2,,
3039,2,,
3040,3,,
3041,1,0.0,-6150.0
3042,3,,
3043,3,,
3044,3,,
3045,1,,
3046,1,,
3047,3,,
3048,3,,
3049,2,,
3050,3,,
3051,3,,
3052,3,,
3053,2,,
3054,2,,
3055,2,,
3056,2,,
3057,1,,
3058,2,,
3059,2,,
3060,2,,
3061,4,,
3062,3,,
3063,2,,
3064,4,,
3065,3,,
3066,3,,
3067,2,,
3068,3,,
3069,3,,
3070,3,,
3071,4,,
3072,2,,
3073,2,,
3074,3,,
3075,3,,
3076,1,,
3077,3,,
3078,1,,
3079,1,,
3080,1,,
3081,2,,
3082,3,,
3083,2,,
3084,3,,
3085,2,,
3086,1,,
3087,1,,
3088,2,,
3089,1,,
3090,3,,
3091,1,,
3092,3,,
3093,3,,
3094,3,,
3095,4,,
3096,2,,
3097,1,,
3098,3,,
3099,3,,
3100,2,0.0,-876.4
3101,3,,
3102,3,,
3103,3,,
3104,2,,
3105,3,,
3106,3,,
3107,3,,
3108,2,,
3109,3,,
3110,3,,
3111,1,,
3112,3,,
3113,3,,
3114,2,,
3115,3,,
3116,4,,
3117,3,,
3118,1,,
3119,2,,
3120,2,,
3121,3,,
3122,1,,
3123,3,,
3124,3,,
3125,3,,
3126,2,,
3127,2,,
3128,2,,
3129,3,,
3130,3,,
3131,1,,
3132,2,,
3133,3,,
3134,3,,
3135,1,,
3136,3,,
3137,1,,
3138,2,,
3139,3,,
3140,3,,
3141,2,,
3142,1,,
3143,2,,
3144,1,,
3145,4,,
3146,4,,
3147,2,,
3148,2,,
3149,3,,
3150,3,,
3151,2,,
3152,3,,
3153,2,,
3154,3,,
3155,1,,
3156,3,,
3157,1,,
3158,4,,
3159,2,,
3160,1,,
3161,4,,
3162,2,,
3163,3,,
3164,3,,
3165,1,,
3166,1,,
3167,3,,
3168,2,,
3169,3,,
3170,2,,
3171,3,,
3172,3,,
3173,2,,
3174,1,,
3175,2,,
3176,1,,
3177,2,,
3178,2,,
3179,2,,
3180,2,,
3181,3,,
3182,1,,
3183,3,,
3184,3,,
3185,3,,
3186,2,,
3187,3,,
3188,3,,
3189,1,,
3190,2,,
3191,3,,
3192,3,,
3193,2,,
3194,3,,
3195,3,,
3196,3,,
3197,2,,
3198,3,,
3199,3,,
3200,3,,
3201,1,,
3202,3,,
3203,3,,
3204,3,,
3205,3,,
3206,3,,
3207,1,,
3208,3,,
3209,1,,
3210,2,,
3211,3,,
3212,2,,
3213,2,,
3214,2,,
3215,2,,
3216,2,,
3217,1,,
3218,1,,
3219,3,,
3220,3,,
3221,1,,
3222,2,,
3223,3,,
3224,3,,
3225,2,,
3226,3,,
3227,1,,
3228,3,,
3229,3,,
3230,1,,
3231,3,,
3232,3,,
3233,3,,
3234,1,,
3235,1,,
3236,2,,
3237,3,,
3238,1,,
3239,3,,
3240,3,,
3241,4,,
3242,3,,
3243,3,,
3244,3,,
3245,3,,
3246,2,,
3247,3,,
3248,2,,
3249,2,,
3250,2,,
3251,1,,
3252,3,,
3253,3,,
3254,3,,
3255,3,,
3256,1,,
3257,3,,
3258,3,,
3259,3,,
3260,2,,
3261,1,,
3262,1,,
3263,2,,
3264,2,,
3265,2,,
3266,3,,
3267,2,,
3268,1,,
3269,2,,
3270,1,,
3271,1,,
3272,3,,
3273,2,,
3274,3,,
3275,3,,
3276,1,,
3277,2,,
3278,2,,
3279,1,,
3280,1,,
3281,3,,
3282,3,,
3283,2,,
3284,1,,
3285,3,,
3286,3,,
3287,2,,
3288,3,,
3289,3,,
3290,3,,
3291,2,,
3292,4,,
3293,2,,
3294,3,,
3295,3,,
3296,1,,
3297,4,,
3298,2,,
3299,1,,
3300,3,,
3301,3,,
3302,4,,
3303,3,,
3304,1,,
3305,3,,
3306,3,,
3307,1,,
3308,2,,
3309,3,,
3310,2,,
3311,3,,
3312,1,,
3313,2,,
3314,3,,
3315,2,,
3316,3,,
3317,3,,
3318,2,,
3319,3,,
3320,2,,
3321,3,,
3322,2,,
3323,2,,
3324,3,,
3325,2,,
3326,3,,
3327,3,,
3328,4,,
3329,1,,
3330,4,,
3331,2,,
3332,1,,
3333,3,,
3334,3,,
3335,3,,
3336,3,,
3337,4,,
3338,3,,
3339,2,,
3340,3,,
3341,3,,
3342,1,,
3343,4,,
3344,3,,
3345,3,,
3346,3,,
3347,3,,
3348,2,,
3349,3,,
3350,4,,
3351,3,,
3352,3,,
3353,3,,
3354,2,,
3355,3,,
3356,2,,
3357,1,,
3358,3,,
3359,1,,
3360,3,,
3361,3,,
3362,3,,
3363,3,,
3364,3,,
3365,3,,
3366,3,,
3367,3,,
3368,3,,
3369,1,,
3370,3,,
3371,2,,
3372,2,,
3373,3,,
3374,1,,
3375,3,,
3376,3,,
3377,3,,
3378,2,,
3379,3,,
3380,2,,
3381,3,,
3382,1,,
3383,3,,
3384,3,,
3385,3,,
3386,1,,
3387,2,,
3388,2,,
3389,2,,
3390,2,,
3391,2,,
3392,1,,
3393,1,,
3394,3,,
3395,3,,
3396,3,,
3397,1,,
3398,3,,
3399,2,,
3400,3,,
3401,3,,
3402,2,,
3403,4,,
3404,3,,
3405,2,,
3406,2,,
3407,2,,
3408,3,,
3409,3,,
3410,3,,
3411,2,,
3412,3,,
3413,1,,
3414,2,,
3415,3,,
3416,2,,
3417,1,,
3418,1,,
3419,3,,
3420,3,,
3421,2,,
3422,1,,
3423,3,,
3424,3,,
3425,3,,
3426,1,,
3427,4,,
3428,2,,
3429,3,,
3430,2,,
3431,3,,
3432,1,,
3433,3,,
3434,3,,
3435,3,,
3436,3,,
3437,3,,
3438,2,,
3439,2,,
3440,2,,
3441,3,,
3442,3,,
3443,3,,
3444,2,,
3445,4,,
3446,1,,
3447,3,,
3448,1,,
3449,1,,
3450,2,,
3451,1,,
3452,3,,
3453,1,,
3454,2,,
3455,2,,
3456,2,,
3457,3,,
3458,2,,
3459,2,,
3460,3,,
3461,3,,
3462,2,,
3463,1,,
3464,3,,
3465,3,,
3466,2,,
3467,4,,
3468,1,,
3469,1,,
3470,3,,
3471,3,,
3472,1,,
3473,3,,
3474,3,,
3475,3,,
3476,3,,
3477,3,,
3478,2,,
3479,3,,
3480,1,,
3481,3,,
3482,1,,
3483,3,,
3484,4,,
3485,3,,
3486,1,,
3487,1,,
3488,2,,
3489,2,,
3490,1,,
3491,1,,
3492,1,,
3493,2,,
3494,3,,
3495,3,,
3496,1,,
3497,3,,
3498,1,,
3499,1,,
3500,3,,
3501,3,,
3502,1,,
3503,4,,
3504,2,,
3505,3,,
3506,3,,
3507,3,,
3508,2,,
3509,1,,
3510,2,,
3511,1,,
3512,3,,
3513,2,,
3514,3,,
3515,3,,
3516,4,,
3517,3,,
3518,3,,
3519,3,,
3520,2,,
3521,1,,
3522,2,,
3523,2,,
3524,3,,
3525,3,,
3526,1,,
3527,3,,
3528,3,,
3529,4,,
3530,3,,
3531,1,,
3532,1,,
3533,2,,
3534,2,,
3535,2,,
3536,3,,
3537,3,,
3538,2,,
3539,1,,
3540,3,,
3541,3,,
3542,3,,
3543,3,,
3544,1,,
3545,3,,
3546,3,,
3547,3,,
3548,2,,
3549,2,,
3550,2,,
3551,1,,
3552,2,,
3553,3,,
3554,1,,
3555,3,,
3556,3,,
3557,3,,
3558,3,,
3559,3,,
3560,1,,
3561,1,,
3562,2,,
3563,3,,
3564,4,,
3565,2,,
3566,2,,
3567,2,,
3568,2,,
3569,4,,
3570,3,,
3571,1,,
3572,4,,
3573,3,,
3574,3,,
3575,1,,
3576,3,,
3577,4,,
3578,3,,
3579,3,,
3580,3,,
3581,3,,
3582,1,,
3583,3,,
3584,3,,
3585,1,,
3586,2,,
3587,2,,
3588,3,,
3589,2,,
3590,3,,
3591,2,,
3592,2,,
3593,3,,
3594,2,,
3595,3,,
3596,3,,
3597,2,,
3598,2,,
3599,1,,
3600,2,,
3601,2,,
3602,2,,
3603,3,,
3604,2,,
3605,2,,
3606,2,,
3607,3,,
3608,3,,
3609,1,,
3610,2,,
3611,3,,
3612,1,,
3613,3,,
3614,3,,
3615,3,,
3616,3,,
3617,1,,
3618,3,,
3619,3,,
3620,3,,
3621,3,,
3622,3,,
3623,3,,
3624,2,,
3625,3,,
3626,4,,
3627,1,,
3628,3,,
3629,2,,
3630,2,,
3631,1,,
3632,2,,
3633,1,,
3634,3,,
3635,3,,
3636,1,,
3637,3,,
3638,3,,
3639,1,,
3640,1,,
3641,4,,
3642,4,,
3643,2,,
3644,1,,
3645,1,,
3646,3,,
3647,3,,
3648,1,,
3649,3,,
3650,3,,
3651,1,,
3652,1,,
3653,3,,
3654,1,,
3655,2,,
3656,3,,
3657,1,,
3658,3,,
3659,4,,
3660,1,,
3661,3,,
3662,3,,
3663,3,,
3664,3,,
3665,1,,
3666,3,,
3667,1,,
3668,3,,
3669,2,,
3670,2,,
3671,2,,
3672,3,,
3673,2,,
3674,1,,
3675,3,,
3676,3,,
3677,1,,
3678,1,,
3679,3,,
3680,1,,
3681,3,,
3682,1,,
3683,3,,
3684,3,,
3685,3,,
3686,1,,
3687,4,,
3688,3,,
3689,3,,
3690,3,,
3691,3,,
3692,3,,
3693,3,,
3694,3,,
3695,1,,
3696,4,,
3697,1,,
3698,1,,
3699,1,,
3700,3,,
3701,1,,
3702,1,,
3703,4,,
3704,2,,
3705,3,,
3706,2,,
3707,1,,
3708,3,,
3709,1,,
3710,3,,
3711,2,,
3712,1,,
3713,3,,
3714,3,,
3715,3,,
3716,4,,
3717,3,,
3718,3,,
3719,3,,
3720,3,,
3721,3,,
3722,1,,
3723,3,,
3724,1,,
3725,2,,
3726,2,,
3727,3,,
3728,2,,
3729,3,,
3730,1,,
3731,3,,
3732,1,,
3733,3,,
3734,3,,
3735,3,,
3736,3,,
3737,1,,
3738,3,,
3739,1,,
3740,3,,
3741,1,,
3742,1,,
3743,3,,
3744,3,,
3745,4,,
3746,3,,
3747,3,,
3748,2,,
3749,3,,
3750,2,,
3751,2,,
3752,3,,
3753,2,,
3754,3,,
3755,1,,
3756,2,,
3757,1,,
3758,1,,
3759,3,,
3760,2,,
3761,3,,
3762,3,,
3763,1,,
3764,2,,
3765,3,,
3766,3,,
3767,1,,
3768,1,,
3769,3,,
3770,2,,
3771,1,,
3772,3,,
3773,1,,
3774,2,,
3775,3,,
3776,3,,
3777,3,,
3778,3,,
3779,3,,
3780,1,,
3781,2,,
3782,3,,
3783,3,,
3784,3,,
3785,3,,
3786,2,,
3787,3,,
3788,1,,
3789,1,,
3790,1,,
3791,3,,
3792,1,,
3793,2,,
3794,3,,
3795,3,,
3796,3,,
3797,2,,
3798,1,,
3799,2,,
3800,3,0.0,-927.8
3801,2,,
3802,3,,
3803,3,,
3804,1,,
3805,3,,
3806,2,,
3807,3,,
3808,1,,
3809,1,,
3810,2,,
3811,2,,
3812,3,,
3813,2,,
3814,2,,
3815,3,,
3816,2,,
3817,3,,
3818,2,,
3819,3,,
3820,3,,
3821,3,,
3822,2,,
3823,2,,
3824,3,,
3825,1,,
3826,1,,
3827,3,,
3828,3,,
3829,1,,
3830,3,,
3831,3,,
3832,4,,
3833,3,,
3834,3,,
3835,3,,
3836,3,,
3837,1,,
3838,2,,
3839,3,,
3840,4,,
3841,3,,
3842,3,,
3843,2,,
3844,1,,
3845,3,,
3846,1,,
3847,1,,
3848,1,,
3849,1,,
3850,3,,
3851,3,,
3852,3,,
3853,3,,
3854,3,0.0,-379.5
3855,3,,
3856,2,,
3857,1,,
3858,2,,
3859,1,,
3860,3,,
3861,1,,
3862,1,,
3863,3,,
3864,2,,
3865,2,,
3866,2,,
3867,1,,
3868,1,,
3869,2,,
3870,1,,
3871,3,,
3872,2,,
3873,3,,
3874,1,,
3875,3,,
3876,2,,
3877,3,,
3878,2,,
3879,1,,
3880,3,,
3881,3,,
3882,3,,
3883,2,,
3884,2,,
3885,1,,
3886,1,,
3887,1,,
3888,3,,
3889,3,,
3890,3,,
3891,3,,
3892,1,,
3893,1,,
3894,3,,
3895,3,,
3896,1,,
3897,1,,
3898,2,,
3899,1,,
3900,1,,
3901,2,,
3902,2,,
3903,1,,
3904,3,,
3905,1,,
3906,2,,
3907,2,,
3908,1,,
3909,2,,
3910,3,,
3911,4,,
3912,1,,
3913,3,,
3914,2,,
3915,1,,
3916,2,,
3917,3,,
3918,3,,
3919,2,,
3920,2,,
3921,3,,
3922,3,,
3923,2,,
3924,3,,
3925,3,,
3926,3,,
3927,2,,
3928,1,,
3929,3,,
3930,3,,
3931,3,,
3932,3,,
3933,1,,
3934,3,,
3935,2,,
3936,1,,
3937,3,,
3938,3,,
3939,3,,
3940,2,,
3941,2,,
3942,3,,
3943,3,,
3944,1,,
3945,3,,
3946,3,,
3947,3,,
3948,3,,
3949,1,,
3950,1,,
3951,1,,
3952,3,,
3953,3,,
3954,3,,
3955,2,,
3956,2,,
3957,1,,
3958,2,,
3959,1,,
3960,2,,
3961,4,,
3962,2,,
3963,3,,
3964,3,,
3965,3,,
3966,2,,
3967,3,,
3968,3,,
3969,3,,
3970,3,,
3971,3,,
3972,3,,
3973,2,,
3974,3,,
3975,2,,
3976,1,,
3977,2,,
3978,3,,
3979,3,,
3980,4,,
3981,3,,
3982,1,,
3983,2,,
3984,3,,
3985,2,,
3986,1,,
3987,3,,
3988,3,,
3989,2,,
3990,1,,
3991,3,,
3992,3,,
3993,1,,
3994,1,,
3995,3,,
3996,1,,
3997,3,,
3998,2,,
3999,2,,
4000,3,,
4001,3,,
4002,2,,
4003,2,,
4004,1,,
4005,1,,
4006,2,,
4007,1,,
4008,1,,
4009,1,,
4010,2,,
4011,3,,
4012,2,,
4013,2,,
4014,3,,
4015,3,,
4016,3,,
4017,3,,
4018,2,,
4019,3,,
4020,1,,
4021,1,,
4022,3,,
4023,3,,
4024,2,,
4025,3,,
4026,1,,
4027,1,,
4028,3,,
4029,2,,
4030,3,,
4031,3,,
4032,3,,
4033,2,,
4034,2,,
4035,2,,
4036,2,,
4037,1,,
4038,1,,
4039,2,,
4040,2,,
4041,1,,
4042,2,,
4043,2,,
4044,3,,
4045,3,,
4046,2,,
4047,2,,
4048,2,,
4049,3,,
4050,3,,
4051,2,,
4052,3,,
4053,1,,
4054,3,,
4055,1,,
4056,2,,
4057,4,,
4058,3,,
4059,2,,
4060,1,,
4061,1,,
4062,1,,
4063,1,,
4064,3,,
4065,4,,
4066,3,,
4067,3,,
4068,3,,
4069,2,,
4070,3,,
4071,3,,
4072,3,,
4073,3,,
4074,2,,
4075,2,,
4076,2,,
4077,3,,
4078,3,,
4079,1,,
4080,1,,
4081,1,,
4082,3,,
4083,3,,
4084,3,,
4085,3,,
4086,1,,
4087,3,,
4088,1,,
4089,3,,
4090,2,,
4091,1,,
4092,4,,
4093,4,,
4094,3,,
4095,3,,
4096,1,,
4097,4,,
4098,3,,
4099,2,,
4100,1,,
4101,2,,
4102,2,,
4103,1,,
4104,1,,
4105,2,,
4106,1,,
4107,1,,
4108,3,,
4109,4,,
4110,2,,
4111,4,,
4112,2,,
4113,2,,
4114,2,,
4115,2,,
4116,1,,
4117,2,,
4118,3,,
4119,2,,
4120,2,,
4121,2,,
4122,2,,
4123,1,,
4124,3,,
4125,3,,
4126,2,,
4127,2,,
4128,1,,
4129,1,,
4130,2,,
4131,1,,
4132,1,,
4133,2,,
4134,1,,
4135,3,,
4136,1,,
4137,3,,
4138,3,,
4139,1,,
4140,2,,
4141,3,0.0,-1491.1
4142,1,,
4143,3,,
4144,2,,
4145,2,,
4146,2,,
4147,3,,
4148,2,,
4149,3,,
4150,2,,
4151,1,,
4152,3,,
4153,1,,
4154,3,,
4155,3,,
4156,2,,
4157,2,,
4158,1,,
4159,3,,
4160,3,,
4161,1,,
4162,1,,
4163,3,,
4164,4,,
4165,4,,
4166,1,,
4167,1,,
4168,3,,
4169,1,,
4170,1,,
4171,2,,
4172,3,,
4173,2,,
4174,1,,
4175,1,,
4176,2,,
4177,2,,
4178,2,,
4179,3,,
4180,2,,
4181,3,,
4182,1,,
4183,3,,
4184,3,,
4185,3,,
4186,3,,
4187,3,,
4188,1,,
4189,2,,
4190,3,,
4191,2,,
4192,1,,
4193,3,,
4194,3,,
4195,2,,
4196,3,,
4197,3,,
4198,3,,
4199,1,,
4200,2,,
4201,3,,
4202,3,,
4203,1,,
4204,3,,
4205,1,,
4206,1,,
4207,1,,
4208,3,,
4209,3,,
4210,1,,
4211,3,,
4212,3,,
4213,3,,
4214,1,,
4215,1,,
4216,1,,
4217,1,,
4218,3,,
4219,1,,
4220,3,,
4221,3,,
4222,3,,
4223,3,,
4224,3,,
4225,4,,
4226,3,,
4227,3,,
4228,1,,
4229,2,,
4230,3,,
4231,3,,
4232,1,,
4233,1,,
4234,1,,
4235,2,,
4236,1,,
4237,1,,
4238,1,,
4239,2,,
4240,3,,
4241,1,,
4242,3,,
4243,3,,
4244,1,,
4245,2,,
4246,1,,
4247,3,,
4248,3,,
4249,3,,
4250,3,,
4251,1,,
4252,3,,
4253,3,,
4254,1,,
4255,3,,
4256,2,,
4257,1,,
4258,1,,
4259,1,,
4260,1,,
4261,3,,
4262,1,,
4263,3,,
4264,1,,
4265,2,,
4266,1,,
4267,1,,
4268,1,,
4269,1,,
4270,1,,
4271,3,,
4272,1,,
4273,2,,
4274,3,,
4275,1,,
4276,3,,
4277,3,,
4278,1,,
4279,3,,
4280,3,,
4281,4,,
4282,4,,
4283,1,,
4284,3,,
4285,3,,
4286,3,,
4287,1,,
4288,2,,
4289,1,,
4290,3,,
4291,3,,
4292,4,,
4293,3,,
4294,2,,
4295,2,,
4296,1,,
4297,3,,
4298,1,,
4299,3,,
4300,1,,
4301,3,,
4302,1,,
4303,3,,
4304,1,,
4305,1,,
4306,3,,
4307,3,,
4308,3,,
4309,3,,
4310,3,,
4311,1,,
4312,1,,
4313,1,,
4314,3,,
4315,1,,
4316,2,,
4317,2,,
4318,2,,
4319,1,,
4320,1,,
4321,2,,
4322,1,,
4323,3,,
4324,3,,
4325,3,,
4326,3,,
4327,1,,
4328,2,,
4329,2,,
4330,2,,
4331,3,,
4332,4,,
4333,3,,
4334,3,,
4335,1,,
4336,2,,
4337,2,,
4338,1,,
4339,1,,
4340,2,,
4341,1,,
4342,1,,
4343,1,,
4344,1,,
4345,3,,
4346,3,,
4347,3,,
4348,3,,
4349,1,,
4350,1,,
4351,3,,
4352,2,,
4353,1,,
4354,1,,
4355,3,,
4356,2,,
4357,4,,
4358,3,,
4359,3,,
4360,2,,
4361,2,,
4362,3,,
4363,1,,
4364,3,,
4365,1,,
4366,1,,
4367,2,,
4368,2,,
4369,1,,
4370,1,,
4371,1,,
4372,2,,
4373,1,,
4374,1,,
4375,3,,
4376,3,,
4377,3,,
4378,3,,
4379,2,,
4380,4,,
4381,1,,
4382,1,,
4383,3,,
4384,2,,
4385,1,,
4386,4,,
4387,2,,
4388,1,,
4389,2,,
4390,3,,
4391,1,,
4392,1,,
4393,1,,
4394,2,,
4395,1,,
4396,3,,
4397,3,,
4398,2,,
4399,1,,
4400,2,,
4401,3,,
4402,1,,
4403,3,,
4404,3,,
4405,3,,
4406,1,,
4407,3,,
4408,1,,
4409,2,,
4410,3,,
4411,3,,
4412,1,,
4413,3,,
4414,3,,
4415,3,,
4416,1,,
4417,1,,
4418,1,,
4419,1,,
4420,1,,
4421,1,,
4422,3,,
4423,1,,
4424,3,,
4425,1,,
4426,2,,
4427,1,,
4428,2,,
4429,1,,
4430,1,,
4431,1,,
4432,2,,
4433,1,,
4434,1,,
4435,1,,
4436,2,,
4437,3,,
4438,1,,
4439,1,,
4440,1,,
4441,3,,
4442,4,,
4443,3,,
4444,2,,
4445,1,,
4446,4,,
4447,1,,
4448,1,,
4449,2,,
4450,3,,
4451,3,,
4452,3,,
4453,3,,
4454,3,,
4455,1,,
4456,3,,
4457,3,,
4458,1,,
4459,2,,
4460,1,,
4461,1,,
4462,1,,
4463,1,,
4464,3,,
4465,1,,
4466,3,,
4467,3,,
4468,1,,
4469,3,,
4470,3,,
4471,1,,
4472,1,,
4473,3,,
4474,2,,
4475,2,,
4476,1,,
4477,1,,
4478,3,,
4479,3,,
4480,3,,
4481,1,,
4482,3,,
4483,3,,
4484,1,,
4485,1,,
4486,1,,
4487,2,,
4488,1,,
4489,2,,
4490,1,,
4491,2,,
4492,3,,
4493,1,,
4494,3,,
4495,2,,
4496,3,,
4497,3,,
4498,2,,
4499,1,,
4500,1,,
4501,2,,
4502,1,,
4503,2,,
4504,2,,
4505,2,,
4506,3,,
4507,2,,
4508,1,,
4509,3,,
4510,3,,
4511,2,0.0,-4322.7
4512,3,,
4513,1,,
4514,2,,
4515,2,,
4516,3,,
4517,1,,
4518,4,,
4519,3,,
4520,1,,
4521,1,,
4522,1,,
4523,1,,
4524,1,,
4525,2,,
4526,2,,
4527,1,,
4528,1,,
4529,1,,
4530,1,,
4531,1,,
4532,1,,
4533,1,,
4534,3,,
4535,2,,
4536,1,,
4537,2,,
4538,2,,
4539,2,,
4540,4,,
4541,1,,
4542,2,,
4543,2,,
4544,3,,
4545,2,,
4546,2,,
4547,1,2.56,19341.1
